{
  "name": "Contact Form",
  "created": "2020-03-17T22:45:02.5491636+01:00",
  "pages": [
    {
      "fieldSets": [
        {
          "caption": "",
          "sortOrder": 0,
          "id": "45aa45ba-45e6-4067-86f7-ac679775417a",
          "page": "00000000-0000-0000-0000-000000000000",
          "containers": [
            {
              "caption": null,
              "width": 6,
              "fields": [
                {
                  "caption": "Text",
                  "tooltip": null,
                  "placeholder": null,
                  "cssClass": null,
                  "alias": "text",
                  "id": "34ce7b77-9cb3-4541-dd52-8d7a849bff7d",
                  "fieldTypeId": "3f92e01b-29e2-4a30-bf33-9df5580ed52c",
                  "prevalueSourceId": "00000000-0000-0000-0000-000000000000",
                  "dataSourceFieldKey": null,
                  "containsSensitiveData": false,
                  "mandatory": true,
                  "regex": "",
                  "requiredErrorMessage": null,
                  "invalidErrorMessage": null,
                  "condition": {
                    "id": "00000000-0000-0000-0000-000000000000",
                    "enabled": false,
                    "actionType": "Show",
                    "logicType": "All",
                    "rules": []
                  },
                  "settings": {
                    "DefaultValue": "",
                    "Placeholder": ""
                  },
                  "preValues": []
                }
              ]
            },
            {
              "caption": "",
              "width": 6,
              "fields": [
                {
                  "caption": "Email",
                  "tooltip": null,
                  "placeholder": null,
                  "cssClass": null,
                  "alias": "email",
                  "id": "acf2e43b-f492-4bf4-f6c9-71916e12ea2f",
                  "fieldTypeId": "3f92e01b-29e2-4a30-bf33-9df5580ed52c",
                  "prevalueSourceId": "00000000-0000-0000-0000-000000000000",
                  "dataSourceFieldKey": null,
                  "containsSensitiveData": false,
                  "mandatory": false,
                  "regex": "[a-zA-Z0-9_.+-]+@[a-zA-Z0-9-]+.[a-zA-Z0-9-.]+",
                  "requiredErrorMessage": null,
                  "invalidErrorMessage": null,
                  "condition": {
                    "id": "00000000-0000-0000-0000-000000000000",
                    "enabled": false,
                    "actionType": "Show",
                    "logicType": "All",
                    "rules": []
                  },
                  "settings": {
                    "DefaultValue": "",
                    "Placeholder": ""
                  },
                  "preValues": []
                }
              ]
            }
          ],
          "condition": {
            "id": "00000000-0000-0000-0000-000000000000",
            "enabled": false,
            "actionType": "Show",
            "logicType": "All",
            "rules": []
          }
        },
        {
          "caption": "",
          "sortOrder": 0,
          "id": "ef23fdfe-4272-4a2c-8a26-1b50dc4c5706",
          "page": "00000000-0000-0000-0000-000000000000",
          "containers": [
            {
              "caption": "",
              "width": 12,
              "fields": [
                {
                  "caption": "Dropdown",
                  "tooltip": null,
                  "placeholder": null,
                  "cssClass": null,
                  "alias": "dropdown",
                  "id": "da54e092-131f-4a31-f6f4-5b723db3fe0e",
                  "fieldTypeId": "0dd29d42-a6a5-11de-a2f2-222256d89593",
                  "prevalueSourceId": "00000000-0000-0000-0000-000000000000",
                  "dataSourceFieldKey": null,
                  "containsSensitiveData": false,
                  "mandatory": false,
                  "regex": null,
                  "requiredErrorMessage": null,
                  "invalidErrorMessage": null,
                  "condition": {
                    "id": "00000000-0000-0000-0000-000000000000",
                    "enabled": false,
                    "actionType": "Show",
                    "logicType": "All",
                    "rules": []
                  },
                  "settings": {
                    "DefaultValue": "Answer 1"
                  },
                  "preValues": [
                    "Answer 1",
                    "Answer 2",
                    "Answer 3",
                    "Answer 4",
                    "Answer 5"
                  ]
                }
              ]
            }
          ],
          "condition": {
            "id": "00000000-0000-0000-0000-000000000000",
            "enabled": false,
            "actionType": "Show",
            "logicType": "All",
            "rules": []
          }
        },
        {
          "caption": "",
          "sortOrder": 0,
          "id": "395bdae7-d6c3-4dff-8333-8e973e13485f",
          "page": "00000000-0000-0000-0000-000000000000",
          "containers": [
            {
              "caption": "",
              "width": 6,
              "fields": [
                {
                  "caption": "Single Choice",
                  "tooltip": null,
                  "placeholder": null,
                  "cssClass": null,
                  "alias": "singleChoice",
                  "id": "4c674410-3291-4102-a770-c2e897e31e00",
                  "fieldTypeId": "903df9b0-a78c-11de-9fc1-db7a56d89593",
                  "prevalueSourceId": "00000000-0000-0000-0000-000000000000",
                  "dataSourceFieldKey": null,
                  "containsSensitiveData": false,
                  "mandatory": false,
                  "regex": null,
                  "requiredErrorMessage": null,
                  "invalidErrorMessage": null,
                  "condition": {
                    "id": "00000000-0000-0000-0000-000000000000",
                    "enabled": false,
                    "actionType": "Show",
                    "logicType": "All",
                    "rules": []
                  },
                  "settings": {
                    "DefaultValue": ""
                  },
                  "preValues": [
                    "Choice 1",
                    "Choice 2",
                    "Choice 3"
                  ]
                }
              ]
            },
            {
              "caption": "",
              "width": 6,
              "fields": [
                {
                  "caption": "Multiple Choice",
                  "tooltip": null,
                  "placeholder": null,
                  "cssClass": null,
                  "alias": "multipleChoice",
                  "id": "357393d8-0ea2-4ebe-e84a-ef5353f03171",
                  "fieldTypeId": "fab43f20-a6bf-11de-a28f-9b5755d89593",
                  "prevalueSourceId": "00000000-0000-0000-0000-000000000000",
                  "dataSourceFieldKey": null,
                  "containsSensitiveData": false,
                  "mandatory": false,
                  "regex": null,
                  "requiredErrorMessage": null,
                  "invalidErrorMessage": null,
                  "condition": {
                    "id": "00000000-0000-0000-0000-000000000000",
                    "enabled": false,
                    "actionType": "Show",
                    "logicType": "All",
                    "rules": []
                  },
                  "settings": {
                    "DefaultValue": ""
                  },
                  "preValues": [
                    "Answer 1",
                    "Answer 2",
                    "Answer 3"
                  ]
                }
              ]
            }
          ],
          "condition": {
            "id": "00000000-0000-0000-0000-000000000000",
            "enabled": false,
            "actionType": "Show",
            "logicType": "All",
            "rules": []
          }
        },
        {
          "caption": "",
          "sortOrder": 0,
          "id": "7c0732d3-b9f8-4030-dda3-9cebe9fe40d1",
          "page": "00000000-0000-0000-0000-000000000000",
          "containers": [
            {
              "caption": "",
              "width": 12,
              "fields": [
                {
                  "caption": "Textarea",
                  "tooltip": null,
                  "placeholder": null,
                  "cssClass": null,
                  "alias": "Textarea",
                  "id": "cc971b43-275a-4edd-9cb3-625a160c3051",
                  "fieldTypeId": "023f09ac-1445-4bcb-b8fa-ab49f33bd046",
                  "prevalueSourceId": "00000000-0000-0000-0000-000000000000",
                  "dataSourceFieldKey": null,
                  "containsSensitiveData": false,
                  "mandatory": false,
                  "regex": null,
                  "requiredErrorMessage": null,
                  "invalidErrorMessage": null,
                  "condition": {
                    "id": "00000000-0000-0000-0000-000000000000",
                    "enabled": false,
                    "actionType": "Show",
                    "logicType": "All",
                    "rules": []
                  },
                  "settings": {
                    "DefaultValue": "",
                    "Placeholder": ""
                  },
                  "preValues": []
                },
                {
                  "caption": "Consent for storing submitted data",
                  "tooltip": null,
                  "placeholder": null,
                  "cssClass": null,
                  "alias": "dataConsent",
                  "id": "98182009-e885-4381-9546-850e01540d1e",
                  "fieldTypeId": "a72c9df9-3847-47cf-afb8-b86773fd12cd",
                  "prevalueSourceId": "00000000-0000-0000-0000-000000000000",
                  "dataSourceFieldKey": null,
                  "containsSensitiveData": false,
                  "mandatory": true,
                  "regex": null,
                  "requiredErrorMessage": "Consent is required to store and process the data in this form.",
                  "invalidErrorMessage": null,
                  "condition": null,
                  "settings": {
                    "AcceptCopy": "Yes, I give permission to store and process my data"
                  },
                  "preValues": null
                }
              ]
            }
          ],
          "condition": {
            "id": "00000000-0000-0000-0000-000000000000",
            "enabled": false,
            "actionType": "Show",
            "logicType": "All",
            "rules": []
          }
        }
      ],
      "caption": "",
      "sortOrder": 0,
      "id": "00000000-0000-0000-0000-000000000000",
      "form": "00000000-0000-0000-0000-000000000000"
    }
  ],
  "id": "c851e051-3ca2-4216-bbda-0ddcb1ef73bb",
  "fieldIndicationType": "MarkMandatoryFields",
  "indicator": "*",
  "showValidationSummary": false,
  "hideFieldValidation": false,
  "requiredErrorMessage": "Please provide a value for {0}",
  "invalidErrorMessage": "Please provide a valid value for {0}",
  "messageOnSubmit": "0",
  "goToPageOnSubmit": 0,
  "xPathOnSubmit": null,
  "manualApproval": false,
  "storeRecordsLocally": true,
  "cssClass": "",
  "disableDefaultStylesheet": false,
  "useClientDependency": false,
  "workflows": [
    "ede042b7-cde6-47b2-8ae6-a74a361af4a7"
  ],
  "datasource": null,
  "submitLabel": "Submit",
  "nextLabel": "Next",
  "prevLabel": "Previous"
}